[
    {
        "c_id" : 101,
        "products" : [
            {
                "p_id" : 101,
                "Qty" : 4
            },
            {
                "p_id" : 103,
                "Qty" : 2
            },
            {
                "p_id" : 102,
                "Qty" : 2
            }
        ]
    },
    {
        "c_id" : 102,
        "products" : [
            {
                "p_id" : 101,
                "Qty" : 2
            },
            {
                "p_id" : 103,
                "Qty" : 2
            },
            {
                "p_id" : 102,
                "Qty" : 2
            }
        ]
    }
]