[
    {
        "o_id" : "o_101",
        "details" : 
            {
                "c_id" : "c_101",
                "p_id" : 101,
                "qty" : 2
            }
    },
    {
        "o_id" : "o_102",
        "details" : 
            {
                "c_id" : "c_101",
                "p_id" : 102,
                "qty" : 2
            }
    },
    {
        "o_id" : "o_103",
        "details" : 
            {
                "c_id" : "c_103",
                "p_id" : 101,
                "qty" : 3
            }
    },
    {
        "o_id" : "o_104",
        "details" : 
            {
                "c_id" : "c_102",
                "p_id" : 101,
                "qty" : 5
            }
    }
]